{"cameraMode":{"drawMode":0,"name":"Shaded","section":"Shading Mode"},"sceneLighting":false,"audioPlay":false,"sceneViewState":{"m_AlwaysRefresh":false,"showFog":true,"showSkybox":false,"showFlares":true,"showImageEffects":true,"showParticleSystems":true,"showVisualEffectGraphs":true,"m_FxEnabled":true},"in2DMode":false,"pivot":{"x":3.036797523498535,"y":0.7715007066726685,"z":-0.8577406406402588},"rotation":{"x":-0.2422657459974289,"y":0.17779767513275147,"z":-0.045214634388685229,"w":-0.9527272582054138},"size":1.3460835218429566,"orthographic":false}